host,domain
sample_host1,sample_domain1.com
sample_host2,sample_domain2.com
sample_host3,sample_domain3.com
sample_host4,sample_domain4.com
sample_host5,sample_domain5.com
sample_host6,sample_domain6.com
sample_host7,sample_domain7.com
sample_host8,sample_domain8.com
sample_host9,sample_domain9.com
sample_host10,sample_domain10.com
sample_host11,sample_domain11.com
sample_host12,sample_domain12.com
sample_host13,sample_domain13.com
sample_host14,sample_domain14.com
sample_host15,sample_domain15.com
sample_host16,sample_domain16.com
sample_host17,sample_domain17.com
sample_host18,sample_domain18.com
sample_host19,sample_domain19.com
sample_host20,sample_domain20.com
sample_host21,sample_domain21.com
sample_host22,sample_domain22.com
sample_host23,sample_domain23.com
sample_host24,sample_domain24.com
sample_host25,sample_domain25.com
sample_host26,sample_domain26.com
sample_host27,sample_domain27.com
sample_host28,sample_domain28.com
sample_host29,sample_domain29.com
sample_host30,sample_domain30.com
sample_host31,sample_domain31.com
sample_host32,sample_domain32.com
sample_host33,sample_domain33.com
sample_host34,sample_domain34.com
sample_host35,sample_domain35.com
sample_host36,sample_domain36.com
sample_host37,sample_domain37.com
sample_host38,sample_domain38.com
sample_host39,sample_domain39.com
sample_host40,sample_domain40.com
sample_host41,sample_domain41.com
sample_host42,sample_domain42.com
sample_host43,sample_domain43.com
sample_host44,sample_domain44.com
sample_host45,sample_domain45.com
sample_host46,sample_domain46.com
sample_host47,sample_domain47.com
sample_host48,sample_domain48.com
sample_host49,sample_domain49.com
sample_host50,sample_domain50.com
sample_host51,sample_domain51.com
sample_host52,sample_domain52.com
sample_host53,sample_domain53.com
sample_host54,sample_domain54.com
sample_host55,sample_domain55.com
sample_host56,sample_domain56.com
sample_host57,sample_domain57.com
sample_host58,sample_domain58.com
sample_host59,sample_domain59.com
sample_host60,sample_domain60.com
sample_host61,sample_domain61.com
sample_host62,sample_domain62.com
sample_host63,sample_domain63.com
sample_host64,sample_domain64.com
sample_host65,sample_domain65.com
sample_host66,sample_domain66.com
sample_host67,sample_domain67.com
sample_host68,sample_domain68.com
sample_host69,sample_domain69.com
sample_host70,sample_domain70.com
sample_host71,sample_domain71.com
sample_host72,sample_domain72.com
sample_host73,sample_domain73.com
sample_host74,sample_domain74.com
sample_host75,sample_domain75.com
sample_host76,sample_domain76.com
sample_host77,sample_domain77.com
sample_host78,sample_domain78.com
sample_host79,sample_domain79.com
sample_host80,sample_domain80.com
sample_host81,sample_domain81.com
sample_host82,sample_domain82.com
sample_host83,sample_domain83.com
sample_host84,sample_domain84.com
sample_host85,sample_domain85.com
sample_host86,sample_domain86.com
sample_host87,sample_domain87.com
sample_host88,sample_domain88.com
sample_host89,sample_domain89.com
sample_host90,sample_domain90.com
sample_host91,sample_domain91.com
sample_host92,sample_domain92.com
sample_host93,sample_domain93.com
sample_host94,sample_domain94.com
sample_host95,sample_domain95.com
sample_host96,sample_domain96.com
sample_host97,sample_domain97.com
sample_host98,sample_domain98.com
sample_host99,sample_domain99.com
sample_host100,sample_domain100.com